<?xml version="1.0"?>
<!--

Bizploit - The Opensource ERP Penetration Testing Framework. 
Download at http://www.onapsis.com/bizploit 
 

@author:  Mariano Nunez Di Croce <mnunez@onapsis.com>    
	
Portions Copyright 2010 ONAPSIS S.R.L.
Base Copyright Mariano Nunez Di Croce @ CYBSEC

This program is free software; you can redistribute it and/or modify
it under the terms of the GNU General Public License as published by
the Free Software Foundation version 2 of the License.

This program is distributed in the hope that it will be useful,
but WITHOUT ANY WARRANTY; without even the implied warranty of
MERCHANTABILITY or FITNESS FOR A PARTICULAR PURPOSE.  See the
GNU General Public License for more details.
You should have received a copy of the GNU General Public License
along with this program; if not, write to the Free Software
Foundation, Inc., 51 Franklin St, Fifth Floor, Boston, MA  02110-1301  USA

-->
<help>
  <topic name="common">
    <category name="common">
      <item name="back">Go to the previous menu.  </item>
      <item name="exit">Exit bizploit.  </item>
    </category>
  </topic>
  <topic name="root">
    <category name="menu">
      <item name="targets">Configure targets for the session.  </item>
      <item name="plugins">Enable, disable and configure plugins.  </item>
      <item name="start">Start the session.</item>
      <item name="vulnerabilities">Analyze detected vulnerabilities.  </item>
      <item name="exploit">Exploit vulnerabilities.  </item>
      <item name="reporting">Export HTML report.  </item>
    </category>
    <category name="config">
      <item name="config">Set configuration options.</item>
    </category>
    <category name="objects">
      <item name="shells">Manage created shells.</item>
      <item name="agents">Manage created agents.</item>
    </category>
    <category name="information">
      <item name="help">Display help. Issuing: help [command] , prints more specific help about "command"</item>
      <item name="version">Show bizploit version information.  </item>
      <item name="keys">Display key shortcuts. </item>
    </category>
  </topic>
  <topic name="keys">
    <category name="keys">
      <item name="Ctrl-A / Ctrl-E">Move cursor to the beginning/end of the line.</item>
      <item name="Ctrl-H">Erase the character before the cursor.</item>
      <item name="Ctrl-W">Erase the word before the cursor.</item>
      <item name="Ctrl-L">Clear screen.</item>
      <item name="Ctrl-D, Ctrl-C">Return to the previous menu or exit bizploit.</item>
    </category>
  </topic>
  <topic name="plugins">
    <category name="menu">
      <item name="list">
        <head>List available plugins.</head>
        <body><![CDATA[Syntax: list {plugin type|all} [all | enabled | disabled | compat ]
By default all plugins are listed.
                ]]></body>
      </item>
	  <item name="clear">
        <head>Clear (disable) plugins.</head>
        <body><![CDATA[Syntax: clear {plugin type | all}]]></body>
      </item>
    </category>
  </topic>
  <topic name="pluginType">
    <category name="plugins">
      <item name="${TYPE}">
        <head>View, configure and enable ${TYPE} plugins</head>
        <body><![CDATA[Syntax: ${TYPE} [config plugin | plugin1[,plugin2 ... pluginN]]
Example: ${TYPE}
Result: All enabled ${TYPE} plugins are listed.

Example2: ${TYPE} config ${PLUGIN1}
Result: Enters to the plugin configuration menu.

Example3: ${TYPE} ${PLUGIN1},${PLUGIN2}
Result: ${PLUGIN1} and ${PLUGIN2} are selected for execution

Example4: ${TYPE} all,!${PLUGIN2}
Result: All ${TYPE} plugins are configured to run except ${PLUGIN2}.

]]></body>
      </item>
    </category>
  </topic>
  <topic name="exploit">
    <category name="menu">
      <item name="list">
        <head>List available exploits.</head>
        <body>Syntax: list</body>
      </item>
      <item name="exploit">
        <head>Select an exploit plugin for execution against a discovered vulnerability.</head>
        <body><![CDATA[Sintax: exploit <plugin_name> <vulnerability_id>]]></body>
      </item>
      <item name="start">
        <head>Start the execution of the selected exploit plugin.</head>
        <body><![CDATA[Syntax: start]]></body>
      </item>
    </category>
  </topic>
  <topic name="config">
    <category name="menu">
      <item name="view">
        <head>List the available options and their values.</head>
      </item>
      <item name="set">
        <head>Set a parameter value.</head>
        <body>Syntax: {parameter} {value}</body>
      </item>
    </category>
  </topic>
  <topic name="reporting">
    <category name="menu">
      <item name="save">
        <head>Save current report to file</head>
         <body><![CDATA[Syntax: save <html> <filename> 
For example:
- save html report1.html
]]></body>
      </item>
      <item name="set">
        <head>Set a parameter value.</head>
        <body>Syntax: {parameter} {value}</body>
      </item>
    </category>
  </topic>
  <topic name="agents">
    <category name="menu">
      <item name="show">
        <head>Show available agents.</head>
        <body><![CDATA[Syntax: show ]]></body>
      </item>
      <item name="start">
        <head>Start an agent.</head>
        <body><![CDATA[Syntax: start <agent_id> ]]></body>
      </item>
      <item name="kill">
        <head>Stop using an agent.</head>
        <body><![CDATA[Syntax: stop <agent_id> ]]></body>
      </item>
    </category>
  </topic>
  <topic name="shells">
    <category name="menu">
      <item name="show">
        <head>Show available shells.</head>
        <body><![CDATA[Syntax: show ]]></body>
      </item>
      <item name="start">
        <head>Start a shell.</head>
        <body><![CDATA[Syntax: start <shell_id> ]]></body>
      </item>
      <item name="kill">
        <head>Stop using a shell.</head>
        <body><![CDATA[Syntax: stop <shell_id> ]]></body>
      </item>
    </category>
  </topic>
  <topic name="vulnerabilities">
    <category name="menu">
      <item name="show">
        <head>Show discovered vulnerabilities.</head>
        <body><![CDATA[Syntax: show ]]></body>
      </item>
	  <item name="viewDetails">
        <head>View vulnerability details</head>
        <body><![CDATA[Syntax: viewDetails <vulnerability_id> ]]></body>
      </item>
    </category>
  </topic>
  <topic name="targets">
    <category name="menu">
      <item name="addTarget">
        <head>Add a new target SAP system .</head>
        <body><![CDATA[Syntax: addTarget ]]></body>
      </item>
      <item name="show">
        <head>Show configured targets.</head>
        <body><![CDATA[Syntax: show ]]></body>
      </item>	 
      <item name="delTarget">
        <head>Delete a configured target.</head>
        <body><![CDATA[Syntax: delTarget <target_id> ]]></body>
      </item>
    </category>
    <category name="connectors">
       <item name="showAvailableConnectors">
        <head>Show available connectors.</head>
        <body><![CDATA[Syntax: showAvailableConnectors ]]></body>
      </item>
	  <item name="addConnector">
        <head>Add a new connector to a target manually.</head>
        <body><![CDATA[Syntax: addConnector <target_id> <connector_name> 
where connector_name is one of the available connectors.
For example:
- addConnector 0 SAPRFC
- addConnector 0 SAPROUTER
]]></body>
      </item>
      <item name="discoverConnectors">
        <head>Discover available connectors in a target and add them automatically.</head>
        <body><![CDATA[Syntax: discoverConnectors <target_id> ]]></body>
      </item>
      <item name="delConnector">
        <head>Delete a configured connector.</head>
        <body><![CDATA[Syntax: del <connector_id> ]]></body>
      </item>
      <item name="editConnector">
        <head>Edit a configured connector.</head>
        <body><![CDATA[Syntax: editConnector <target_id> <connector_name>]]></body>
      </item>
    </category>
  </topic>
  <topic name="tools">
    <category name="menu">
      <item name="show">
        <head>Show available tools.</head>
        <body><![CDATA[Syntax: show ]]></body>
      </item>
      <item name="run">
        <head>Run an external tool</head>
        <body><![CDATA[Syntax: run <tool_name> ]]></body>
      </item>
    </category>
  </topic>
  <topic name="RFCShell">
    <category name="menu">
      <item name="run">
        <head>Run an operating system command, using command injection (Windows only).</head>
        <body><![CDATA[Syntax: run <command> [params]
Example:
- run whoami
- run cat /etc/passwd]]></body>
      </item>
      <item name="runExt">
        <head>Run an SAP external OS command (check SM49)</head>
        <body><![CDATA[Syntax: runExt <SAP_OScommand> [params]
Example:
- runExt LIST_DB2DUMP c:\\
- runExt ENV
- runExt NET_ROUTING]]></body>
      </item>
      <item name="runRaw">
        <head>Run an SAP external OS command, specifying target OS if no info available  (check SM49).</head>
        <body><![CDATA[Syntax: runRaw <OS> <SAP_OScommand> [params]
Example:
- runRaw UNIX LIST_DB2DUMP c:\\
- runRaw ANYOS LSNRCTL
- runRaw WINDOWS NET_ROUTING]]></body>
      </item>
    </category>
  </topic>
  <topic name="RFCEXECShell">
    <category name="menu">
      <item name="run">
        <head>Run an operating system command.</head>
        <body><![CDATA[Syntax: run <command> [params]
Example:
- run whoami
- run cat /etc/passwd]]></body>
      </item>
      <item name="runS">
        <head>Run an operating system command. Stealth. No output (Windows only).</head>
        <body><![CDATA[Syntax: runS <command> [params]
Example:
- runS whoami
- runS cat /etc/passwd]]></body>
      </item>
      <item name="readFile">
        <head>Read a remote file.</head>
        <body><![CDATA[Syntax: readFile <path_to_remote_file>
Example:
- readFile c:\\boot.ini
NOTE: Try to be sure that you will be able to access the file, otherwise rfcexec will probably crash!]]></body>
      </item>
      <item name="writeFile">
        <head>Upload a file to the server (textfile, max 80 chars per line).</head>
        <body><![CDATA[Syntax: writeFile <path_to_local_file> <path_to_remote_file>
Example:
- writeFile /tmp/bizploit.txt c:\\bizploitIsHere.txt
NOTE: Try to be sure that you will be able to access the file, otherwise rfcexec will probably crash!]]></body>
      </item>
    </category>
  </topic>
  <topic name="stick">
    <category name="menu">
      <item name="connect">
        <head>Connect to target.</head>
        <body><![CDATA[Syntax: connect ]]></body>
      </item>
      <item name="disconnect">
        <head>Close connection with target.</head>
        <body><![CDATA[Syntax: disconnect ]]></body>
      </item>
    </category>
  </topic>
  <topic name="gwmon">
    <category name="menu">
      <item name="connect">
        <head>Connect to SAP Gateway Monitor.</head>
        <body><![CDATA[Syntax: connect ]]></body>
      </item>
      <item name="getClients">
        <head>Get connected clients (useful to get tpnames).</head>
        <body><![CDATA[Syntax: getClients ]]></body>
      </item>
      <item name="getSecurityInfo">
        <head>Get the content of reg_info and sec_info.</head>
        <body><![CDATA[Syntax: getSecurityInfo ]]></body>
      </item>
	<item name="getInfo">
        <head>Get information about the SAP Gateway.</head>
        <body><![CDATA[Syntax: getInfo ]]></body>
      </item>
	<item name="shutdown">
        <head>Remotely shutdown the SAP Gateway.</head>
        <body><![CDATA[Syntax: shutdown ]]></body>
      </item>
	<item name="disconnect">
        <head>Close connection with SAP Gateway Monitor.</head>
        <body><![CDATA[Syntax: disconnect ]]></body>
      </item>
    </category>
  </topic>
  <topic name="eviltwin">
    <category name="menu">
      <item name="register">
        <head>Register evil twin server.</head>
        <body><![CDATA[Syntax: register ]]></body>
      </item>
      <item name="disconnect">
        <head>Close connection with RFC server.</head>
        <body><![CDATA[Syntax: disconnect ]]></body>
      </item>
    </category>
  </topic>
 <topic name="foo_exploit_cons">
    <category name="menu">
      <item name="register">
        <head>Register evil twin server.</head>
        <body><![CDATA[Syntax: register ]]></body>
      </item>
      <item name="disconnect">
        <head>Close connection with RFC server.</head>
        <body><![CDATA[Syntax: disconnect ]]></body>
      </item>
    </category>
  </topic>
  <topic name="ORAShell">
    <category name="menu">
      <item name="start">
        <head>Start the SQL shell</head>
        <body><![CDATA[Syntax: start ]]></body>
      </item>
    </category>
  </topic>
  <topic name="oraEscalation">
    <category name="menu">
      <item name="runSQL">
        <head>Execute an SQL query</head>
        <body><![CDATA[Syntax: runSQL <query> ]]></body>
      </item>
    </category>
  </topic>
</help>

